zip,city,state
35004,Chelsea,AL
35005,Alabaster,AL
35006,Brierfield,AL
35007,Bessemer,AL
35010,Alexander City,AL
35014,Alpine,AL
35016,Andalusia,AL
35020,Bessemer,AL
35022,Bessemer,AL
35031,Calera,AL
35034,Chelsea,AL
35040,Childersburg,AL
35043,Clanton,AL
35046,Columbiana,AL
35051,Dora,AL
35054,Eutaw,AL
35055,Eutaw,AL
35062,Fayette,AL
35064,Forkland,AL
35071,Gardendale,AL
35073,Fultondale,AL
35079,Helena,AL
35080,Jemison,AL
35085,Montevallo,AL
35091,Jasper,AL
99501,Anchorage,AK
99502,Anchorage,AK
99503,Anchorage,AK
99504,Anchorage,AK
99505,Elmendorf Afb,AK
99506,Fort Richardson,AK
99507,Anchorage,AK
99508,Anchorage,AK
99509,Anchorage,AK
99513,Anchorage,AK
99514,Anchorage,AK
99515,Anchorage,AK
99516,Anchorage,AK
99517,Anchorage,AK
99518,Anchorage,AK
99519,Anchorage,AK
99520,Anchorage,AK
99521,Anchorage,AK
99522,Anchorage,AK
99523,Anchorage,AK
99524,Anchorage,AK
99540,Girdwood,AK
99547,Atka,AK
99549,Big Lake,AK
99550,Eagle River,AK
85001,Phoenix,AZ
85002,Phoenix,AZ
85003,Phoenix,AZ
85004,Phoenix,AZ
85005,Phoenix,AZ
85006,Phoenix,AZ
85007,Phoenix,AZ
85008,Phoenix,AZ
85009,Phoenix,AZ
85012,Phoenix,AZ
85013,Phoenix,AZ
85014,Phoenix,AZ
85015,Phoenix,AZ
85016,Phoenix,AZ
85017,Phoenix,AZ
85018,Phoenix,AZ
85019,Phoenix,AZ
85020,Phoenix,AZ
85021,Phoenix,AZ
85022,Phoenix,AZ
85023,Phoenix,AZ
85024,Phoenix,AZ
85025,Phoenix,AZ
85026,Phoenix,AZ
85027,Phoenix,AZ
71601,Pine Bluff,AR
71602,Pine Bluff,AR
71603,Pine Bluff,AR
71604,Pine Bluff,AR
71605,Pine Bluff,AR
71606,Pine Bluff,AR
71607,Pine Bluff,AR
71608,Pine Bluff,AR
71609,Pine Bluff,AR
71611,Pine Bluff,AR
71612,Pine Bluff,AR
71613,Pine Bluff,AR
71614,Pine Bluff,AR
71615,Pine Bluff,AR
71616,Pine Bluff,AR
71617,Pine Bluff,AR
71618,Pine Bluff,AR
71619,Pine Bluff,AR
71620,Pine Bluff,AR
71621,Pine Bluff,AR
71622,Pine Bluff,AR
71623,Pine Bluff,AR
71624,Pine Bluff,AR
71625,Pine Bluff,AR
71626,Pine Bluff,AR
90001,Los Angeles,CA
90002,Los Angeles,CA
90003,Los Angeles,CA
90004,Los Angeles,CA
90005,Los Angeles,CA
90006,Los Angeles,CA
90007,Los Angeles,CA
90008,Los Angeles,CA
90009,Los Angeles,CA
90010,Los Angeles,CA
90011,Los Angeles,CA
90012,Los Angeles,CA
90013,Los Angeles,CA
90014,Los Angeles,CA
90015,Los Angeles,CA
90016,Los Angeles,CA
90017,Los Angeles,CA
90018,Los Angeles,CA
90019,Los Angeles,CA
90020,Los Angeles,CA
90021,Los Angeles,CA
90022,Los Angeles,CA
90023,Los Angeles,CA
90024,Los Angeles,CA
90025,Los Angeles,CA
80001,Arvada,CO
80002,Arvada,CO
80003,Arvada,CO
80004,Arvada,CO
80005,Arvada,CO
80006,Arvada,CO
80007,Arvada,CO
80008,Arvada,CO
80009,Arvada,CO
80010,Aurora,CO
80011,Aurora,CO
80012,Aurora,CO
80013,Aurora,CO
80014,Aurora,CO
80015,Aurora,CO
80016,Aurora,CO
80017,Aurora,CO
80018,Aurora,CO
80019,Aurora,CO
80020,Broomfield,CO
80021,Broomfield,CO
80022,Aurora,CO
80023,Erie,CO
80024,Dacono,CO
80025,Firestone,CO
6001,Andover,CT
6002,Avon,CT
6003,Bloomfield,CT
6006,Bristol,CT
6010,Bristol,CT
6011,Bristol,CT
6013,Burlington,CT
6016,Canaan,CT
6018,Canton,CT
6019,Canton Center,CT
6020,Colebrook,CT
6021,Collinsville,CT
6022,Cornwall,CT
6023,Cornwall Bridge,CT
6024,East Canaan,CT
6026,East Glastonbury,CT
6027,East Granby,CT
6028,East Haddam,CT
6029,East Hampton,CT
6031,East Hartland,CT
6032,Farmington,CT
6033,Glastonbury,CT
6034,Goshen,CT
6035,Granby,CT
6037,Hadlyme,CT
19701,Bear,DE
19702,Newark,DE
19703,Bear,DE
19706,Hockessin,DE
19707,Kirkwood,DE
19708,Kirkwood,DE
19709,Kirkwood,DE
19710,Newark,DE
19711,Newark,DE
19712,Newark,DE
19713,Newark,DE
19714,Newark,DE
19715,Newark,DE
19716,Newark,DE
19717,Newark,DE
19718,Newark,DE
19720,New Castle,DE
19721,New Castle,DE
19725,New Castle,DE
19726,New Castle,DE
19730,Newark,DE
19731,Port Penn,DE
19732,Townsend,DE
19733,Newark,DE
19734,Newark,DE
32003,Orange Park,FL
32004,St Augustine,FL
32005,Macclenny,FL
32006,St Augustine,FL
32007,Fleming Island,FL
32008,St Augustine,FL
32009,Glen St Mary,FL
32011,Callahan,FL
32013,Bunnell,FL
32024,Fernandina Beach,FL
32025,Lake Butler,FL
32030,Hilliard,FL
32033,Green Cove Springs,FL
32034,Fernandina Beach,FL
32035,St Marys,FL
32037,Elkton,FL
32038,Hastings,FL
32040,Hilliard,FL
32041,Starke,FL
32042,Starke,FL
32043,Jacksonville,FL
32044,Starke,FL
32046,Jacksonville,FL
32047,Starke,FL
32050,Green Cove Springs,FL
30001,Atlanta,GA
30002,Avondale Estates,GA
30003,Atlanta,GA
30004,Alpharetta,GA
30005,Alpharetta,GA
30006,Alpharetta,GA
30007,Marietta,GA
30008,Marietta,GA
30009,Alpharetta,GA
30010,Avondale Estates,GA
30012,Conyers,GA
30013,Conyers,GA
30014,Conyers,GA
30015,Covington,GA
30016,Covington,GA
30017,Dacula,GA
30019,Dacula,GA
30021,Tucker,GA
30022,Alpharetta,GA
30023,Tucker,GA
30024,Suwanee,GA
30025,Duluth,GA
30026,Conyers,GA
30028,Alpharetta,GA
30030,Decatur,GA
96701,Aiea,HI
96702,Haina,HI
96703,Ewa Beach,HI
96704,Haiku,HI
96705,Haina,HI
96706,Haina,HI
96707,Haiku,HI
96708,Kaaawa,HI
96709,Kaneohe,HI
96710,Kapolei,HI
96711,Lahaina,HI
96712,Lihue,HI
96713,Waianae,HI
96714,Waianae,HI
96715,Waianae,HI
96716,Honolulu,HI
96717,Waianae,HI
96718,Waianae,HI
96720,Hilo,HI
96721,Hilo,HI
96722,Hilo,HI
96723,Hilo,HI
96724,Hilo,HI
96725,Hilo,HI
96726,Hilo,HI
83201,Pocatello,ID
83202,Pocatello,ID
83203,Pocatello,ID
83204,Pocatello,ID
83205,Pocatello,ID
83206,Pocatello,ID
83207,Pocatello,ID
83208,Pocatello,ID
83209,Pocatello,ID
83210,Pocatello,ID
83211,Pocatello,ID
83212,Pocatello,ID
83213,Pocatello,ID
83214,Pocatello,ID
83215,Pocatello,ID
83216,Pocatello,ID
83217,Pocatello,ID
83218,Pocatello,ID
83219,Pocatello,ID
83220,Pocatello,ID
83221,Pocatello,ID
83222,Pocatello,ID
83223,Pocatello,ID
83224,Pocatello,ID
83225,Pocatello,ID
60001,Northbrook,IL
60002,Lake Bluff,IL
60003,Lake Forest,IL
60004,Lake Forest,IL
60005,Mount Prospect,IL
60006,Mount Prospect,IL
60007,Arlington Heights,IL
60008,Arlington Heights,IL
60009,Arlington Heights,IL
60010,Arlington Heights,IL
60011,Arlington Heights,IL
60012,Arlington Heights,IL
60013,Arlington Heights,IL
60014,Dundee,IL
60015,Northbrook,IL
60016,Des Plaines,IL
60017,Des Plaines,IL
60018,Des Plaines,IL
60019,Des Plaines,IL
60020,Deerfield,IL
60021,Glenview,IL
60022,Glenview,IL
60023,Glenview,IL
60025,Evanston,IL
60026,Evanston,IL
46001,Alexandria,IN
46002,Anderson,IN
46003,Arcadia,IN
46005,Atlanta,IN
46006,Aurora,IN
46007,Avilla,IN
46011,Anderson,IN
46012,Anderson,IN
46013,Anderson,IN
46014,Anderson,IN
46015,Anderson,IN
46016,Anderson,IN
46017,Anderson,IN
46018,Anderson,IN
46019,Anderson,IN
46020,Atlanta,IN
46021,Beech Grove,IN
46022,Carmel,IN
46023,Carmel,IN
46024,Carmel,IN
46025,Carmel,IN
46026,Carmel,IN
46027,Carmel,IN
46028,Carmel,IN
46029,Carmel,IN
50001,Adair,IA
50002,Adel,IA
50003,Allerton,IA
50005,Altoona,IA
50006,Ames,IA
50007,Ames,IA
50008,Anamosa,IA
50009,Anita,IA
50010,Ames,IA
50011,Ames,IA
50012,Ames,IA
50013,Ames,IA
50014,Ames,IA
50015,Ames,IA
50016,Ames,IA
50017,Ames,IA
50018,Ames,IA
50019,Ames,IA
50020,Ames,IA
50021,Ankeny,IA
50022,Ankeny,IA
50023,Ankeny,IA
50025,Audubon,IA
50026,Bouton,IA
50027,Blairsburg,IA
66002,Atchison,KS
66003,Baldwin City,KS
66004,Basehor,KS
66005,Bonner Springs,KS
66006,Centerville,KS
66007,Circleville,KS
66008,Colony,KS
66010,De Soto,KS
66012,Easton,KS
66013,Edgerton,KS
66014,Eudora,KS
66015,Everest,KS
66016,Fairway,KS
66017,Fontenac,KS
66018,Fort Scott,KS
66019,Fort Scott,KS
66020,Garnett,KS
66021,Gardner,KS
66022,Hiawatha,KS
66023,Highland,KS
66024,Hiawatha,KS
66025,Hillsboro,KS
66026,Horton,KS
66027,Hoyt,KS
66028,Kansas City,KS
40003,Bagdad,KY
40004,Bardstown,KY
40005,Bloomfield,KY
40006,Brooks,KY
40007,Buckner,KY
40008,Coxs Creek,KY
40009,Crestwood,KY
40010,Ekron,KY
40011,Eminence,KY
40012,Fairdale,KY
40013,Finchville,KY
40014,Fisherville,KY
40018,Frankfort,KY
40020,Frankfort,KY
40021,Frankfort,KY
40022,Frankfort,KY
40023,Georgetown,KY
40024,Georgetown,KY
40025,Georgetown,KY
40026,Georgetown,KY
40027,Georgetown,KY
40028,Georgetown,KY
40029,Georgetown,KY
40030,Georgetown,KY
40031,Georgetown,KY
70001,Metairie,LA
70002,Metairie,LA
70003,Metairie,LA
70004,Metairie,LA
70005,Metairie,LA
70006,Metairie,LA
70007,Metairie,LA
70008,Metairie,LA
70009,Metairie,LA
70010,Metairie,LA
70011,Metairie,LA
70012,Metairie,LA
70013,Metairie,LA
70014,Metairie,LA
70015,Metairie,LA
70016,Metairie,LA
70017,Metairie,LA
70018,Metairie,LA
70019,Metairie,LA
70020,Metairie,LA
70021,Metairie,LA
70022,Metairie,LA
70023,Metairie,LA
70024,Metairie,LA
70025,Metairie,LA
3901,South Berwick,ME
3902,Wells,ME
3903,Berwick,ME
3904,Eliot,ME
3905,Kittery,ME
3906,Kittery Point,ME
3907,Moody,ME
3908,Ogunquit,ME
3909,York,ME
3910,York Beach,ME
3911,York Harbor,ME
4001,Acton,ME
4002,Alfred,ME
4003,Arundel,ME
4004,Bailey Island,ME
4005,Biddeford,ME
4006,Biddeford Pool,ME
4007,Boothbay,ME
4008,Bridgton,ME
4009,Brownfield,ME
4010,Brunswick,ME
4011,Buxton,ME
4012,Casco,ME
4013,Chebeague Island,ME
4014,Cumberland Center,ME
4015,Cumberland Foreside,ME
20331,Washington,MD
20335,Washington,MD
20370,Washington,MD
20371,Washington,MD
20372,Washington,MD
20373,Washington,MD
20374,Washington,MD
20375,Washington,MD
20376,Washington,MD
20380,Washington,MD
20381,Washington,MD
20382,Washington,MD
20383,Washington,MD
20384,Washington,MD
20385,Washington,MD
20386,Washington,MD
20387,Washington,MD
20388,Washington,MD
20389,Washington,MD
20390,Washington,MD
20391,Washington,MD
20392,Washington,MD
20393,Washington,MD
20394,Washington,MD
20395,Washington,MD
1001,Agawam,MA
1002,Amherst,MA
1003,Amherst,MA
1004,Amherst,MA
1005,Ashfield,MA
1006,Belchertown,MA
1007,Blandford,MA
1008,Bondsville,MA
1009,Brimfield,MA
1010,Chester,MA
1011,Chesterfield,MA
1012,Chicopee,MA
1013,Chicopee,MA
1014,Chicopee,MA
1015,Chicopee,MA
1016,Chicopee,MA
1017,Cummington,MA
1018,Deerfield,MA
1019,Dwight,MA
1020,East Longmeadow,MA
1021,East Otis,MA
1022,Easthampton,MA
1026,Florence,MA
1027,Feeding Hills,MA
1028,Gilbertville,MA
48001,Auburn Hills,MI
48002,Auburn Hills,MI
48003,Auburn Hills,MI
48004,Auburn Hills,MI
48005,Auburn Hills,MI
48006,Auburn Hills,MI
48007,Auburn Hills,MI
48009,Birmingham,MI
48010,Bloomfield Hills,MI
48011,Bloomfield Hills,MI
48012,Bloomfield Hills,MI
48013,Birmingham,MI
48014,Bloomfield Hills,MI
48015,Bingham Farms,MI
48017,Bloomfield Hills,MI
48018,Clarkston,MI
48020,Clawson,MI
48021,Ferndale,MI
48022,Ferndale,MI
48023,Franklin,MI
48024,Fraser,MI
48025,Franklin,MI
48026,Fraser,MI
48027,Fraser,MI
48028,Fraser,MI
55001,Northfield,MN
55002,Anoka,MN
55003,Belle Plaine,MN
55004,Belle Plaine,MN
55005,Belle Plaine,MN
55006,Belle Plaine,MN
55007,Belle Plaine,MN
55008,Belle Plaine,MN
55009,Belle Plaine,MN
55010,Belle Plaine,MN
55011,Belle Plaine,MN
55012,Belle Plaine,MN
55013,Belle Plaine,MN
55014,Belle Plaine,MN
55015,Belle Plaine,MN
55016,Belle Plaine,MN
55017,Belle Plaine,MN
55018,Belle Plaine,MN
55019,Belle Plaine,MN
55020,Belle Plaine,MN
55021,Belle Plaine,MN
55022,Belle Plaine,MN
55023,Belle Plaine,MN
55024,Belle Plaine,MN
55025,Belle Plaine,MN
38601,Abbeville,MS
38602,Arkabutla,MS
38603,Batesville,MS
38604,Batesville,MS
38605,Batesville,MS
38606,Batesville,MS
38607,Batesville,MS
38608,Batesville,MS
38609,Batesville,MS
38610,Batesville,MS
38611,Batesville,MS
38612,Batesville,MS
38613,Batesville,MS
38614,Batesville,MS
38615,Batesville,MS
38616,Batesville,MS
38617,Batesville,MS
38618,Batesville,MS
38619,Batesville,MS
38620,Batesville,MS
38621,Batesville,MS
38622,Batesville,MS
38623,Batesville,MS
38624,Batesville,MS
38625,Batesville,MS
63001,Ballwin,MO
63002,Ballwin,MO
63003,Ballwin,MO
63004,Ballwin,MO
63005,Ballwin,MO
63006,Ballwin,MO
63007,Ballwin,MO
63008,Ballwin,MO
63009,Ballwin,MO
63010,Ballwin,MO
63011,Ballwin,MO
63012,Ballwin,MO
63013,Ballwin,MO
63014,Ballwin,MO
63015,Ballwin,MO
63016,Ballwin,MO
63017,Ballwin,MO
63018,Ballwin,MO
63019,Ballwin,MO
63020,Ballwin,MO
63021,Ballwin,MO
63022,Ballwin,MO
63023,Ballwin,MO
63024,Ballwin,MO
63025,Ballwin,MO
59001,Absarokee,MT
59002,Absarokee,MT
59003,Absarokee,MT
59004,Absarokee,MT
59005,Absarokee,MT
59006,Absarokee,MT
59007,Absarokee,MT
59008,Absarokee,MT
59009,Absarokee,MT
59010,Absarokee,MT
59011,Absarokee,MT
59012,Absarokee,MT
59013,Absarokee,MT
59014,Absarokee,MT
59015,Absarokee,MT
59016,Absarokee,MT
59017,Absarokee,MT
59018,Absarokee,MT
59019,Absarokee,MT
59020,Absarokee,MT
59021,Absarokee,MT
59022,Absarokee,MT
59023,Absarokee,MT
59024,Absarokee,MT
59025,Absarokee,MT
68001,Bellevue,NE
68002,Bellevue,NE
68003,Bellevue,NE
68004,Bellevue,NE
68005,Bellevue,NE
68006,Bellevue,NE
68007,Bellevue,NE
68008,Bellevue,NE
68009,Bellevue,NE
68010,Bellevue,NE
68011,Bellevue,NE
68012,Bellevue,NE
68013,Bellevue,NE
68014,Bellevue,NE
68015,Bellevue,NE
68016,Bellevue,NE
68017,Bellevue,NE
68018,Bellevue,NE
68019,Bellevue,NE
68020,Bellevue,NE
68021,Bellevue,NE
68022,Bellevue,NE
68023,Bellevue,NE
68024,Bellevue,NE
68025,Bellevue,NE
88901,Las Vegas,NV
88902,Las Vegas,NV
89001,Blue Diamond,NV
89002,Boulder City,NV
89003,Boulder City,NV
89004,Boulder City,NV
89005,Boulder City,NV
89006,Boulder City,NV
89007,Boulder City,NV
89008,Boulder City,NV
89009,Boulder City,NV
89010,Boulder City,NV
89011,Henderson,NV
89012,Henderson,NV
89013,Henderson,NV
89014,Henderson,NV
89015,Henderson,NV
89016,Henderson,NV
89017,Henderson,NV
89018,Henderson,NV
89019,Henderson,NV
89020,Henderson,NV
89021,Henderson,NV
89022,Henderson,NV
89023,Henderson,NV
3031,Amherst,NH
3032,Antrim,NH
3033,Auburn,NH
3034,Bedford,NH
3035,Bennington,NH
3036,Brookline,NH
3037,Center Barnstead,NH
3038,Center Conway,NH
3039,Center Harbor,NH
3040,Charlestown,NH
3041,Chester,NH
3042,Concord,NH
3043,Cornish,NH
3044,Danbury,NH
3045,Derry,NH
3046,Dublin,NH
3047,Durham,NH
3048,East Hampstead,NH
3049,East Kingston,NH
3050,Epsom,NH
3051,Exeter,NH
3052,Fitzwilliam,NH
3053,Franklin,NH
3054,Fremont,NH
3055,Goffstown,NH
7001,Newark,NJ
7002,Newark,NJ
7003,Newark,NJ
7004,Newark,NJ
7005,Newark,NJ
7006,Newark,NJ
7007,Newark,NJ
7008,Newark,NJ
7009,Newark,NJ
7010,Newark,NJ
7011,Newark,NJ
7012,Newark,NJ
7013,Newark,NJ
7014,Newark,NJ
7015,Newark,NJ
7016,Newark,NJ
7017,Newark,NJ
7018,Newark,NJ
7019,Newark,NJ
7020,Newark,NJ
7021,Newark,NJ
7022,Newark,NJ
7023,Newark,NJ
7024,Newark,NJ
7025,Newark,NJ
87001,Albuquerque,NM
87002,Albuquerque,NM
87003,Albuquerque,NM
87004,Albuquerque,NM
87005,Albuquerque,NM
87006,Albuquerque,NM
87007,Albuquerque,NM
87008,Albuquerque,NM
87009,Albuquerque,NM
87010,Albuquerque,NM
87011,Albuquerque,NM
87012,Albuquerque,NM
87013,Albuquerque,NM
87014,Albuquerque,NM
87015,Albuquerque,NM
87016,Albuquerque,NM
87017,Albuquerque,NM
87018,Albuquerque,NM
87019,Albuquerque,NM
87020,Albuquerque,NM
87021,Albuquerque,NM
87022,Albuquerque,NM
87023,Albuquerque,NM
87024,Albuquerque,NM
87025,Albuquerque,NM
10001,New York,NY
10002,New York,NY
10003,New York,NY
10004,New York,NY
10005,New York,NY
10006,New York,NY
10007,New York,NY
10008,New York,NY
10009,New York,NY
10010,New York,NY
10011,New York,NY
10012,New York,NY
10013,New York,NY
10014,New York,NY
10015,New York,NY
10016,New York,NY
10017,New York,NY
10018,New York,NY
10019,New York,NY
10020,New York,NY
10021,New York,NY
10022,New York,NY
10023,New York,NY
10024,New York,NY
10025,New York,NY
27006,Charlotte,NC
27007,Charlotte,NC
27008,Charlotte,NC
27009,Charlotte,NC
27010,Charlotte,NC
27011,Charlotte,NC
27012,Charlotte,NC
27013,Charlotte,NC
27014,Charlotte,NC
27015,Charlotte,NC
27016,Charlotte,NC
27017,Charlotte,NC
27018,Charlotte,NC
27019,Charlotte,NC
27020,Charlotte,NC
27021,Charlotte,NC
27022,Charlotte,NC
27023,Charlotte,NC
27024,Charlotte,NC
27025,Charlotte,NC
27026,Charlotte,NC
27027,Charlotte,NC
27028,Charlotte,NC
27029,Charlotte,NC
27030,Charlotte,NC
58001,Abercrombie,ND
58002,Amenia,ND
58003,Argusville,ND
58004,Arthur,ND
58005,Ayr,ND
58006,Barnesville,ND
58007,Barney,ND
58008,Bathgate,ND
58009,Benedict,ND
58010,Berthold,ND
58011,Bismarck,ND
58012,Bismarck,ND
58013,Bismarck,ND
58014,Bismarck,ND
58015,Bismarck,ND
58016,Bismarck,ND
58017,Bismarck,ND
58018,Bismarck,ND
58019,Bismarck,ND
58020,Bismarck,ND
58021,Bismarck,ND
58022,Bismarck,ND
58023,Bismarck,ND
58024,Bismarck,ND
58025,Bismarck,ND
43001,Amlin,OH
43002,Alexandria,OH
43003,Ashville,OH
43004,Baltimore,OH
43005,Bellefontaine,OH
43006,Bellefontaine,OH
43007,Bellefontaine,OH
43008,Bellefontaine,OH
43009,Bellefontaine,OH
43010,Bellefontaine,OH
43011,Bellefontaine,OH
43012,Bellefontaine,OH
43013,Bellefontaine,OH
43014,Bellefontaine,OH
43015,Bellefontaine,OH
43016,Bellefontaine,OH
43017,Bellefontaine,OH
43018,Bellefontaine,OH
43019,Bellefontaine,OH
43020,Bellefontaine,OH
43021,Bellefontaine,OH
43022,Bellefontaine,OH
43023,Bellefontaine,OH
43024,Bellefontaine,OH
43025,Bellefontaine,OH
73001,Amber,OK
73002,Anadarko,OK
73003,Anadarko,OK
73004,Anadarko,OK
73005,Anadarko,OK
73006,Anadarko,OK
73007,Anadarko,OK
73008,Anadarko,OK
73009,Anadarko,OK
73010,Anadarko,OK
73011,Anadarko,OK
73012,Anadarko,OK
73013,Anadarko,OK
73014,Anadarko,OK
73015,Anadarko,OK
73016,Anadarko,OK
73017,Anadarko,OK
73018,Anadarko,OK
73019,Anadarko,OK
73020,Anadarko,OK
73021,Anadarko,OK
73022,Anadarko,OK
73023,Anadarko,OK
73024,Anadarko,OK
73025,Anadarko,OK
97001,Albany,OR
97002,Aloha,OR
97003,Beaverton,OR
97004,Beaverton,OR
97005,Beaverton,OR
97006,Beaverton,OR
97007,Beaverton,OR
97008,Beaverton,OR
97009,Beaverton,OR
97010,Beaverton,OR
97011,Beaverton,OR
97012,Beaverton,OR
97013,Beaverton,OR
97014,Beaverton,OR
97015,Beaverton,OR
97016,Beaverton,OR
97017,Beaverton,OR
97018,Beaverton,OR
97019,Beaverton,OR
97020,Beaverton,OR
97021,Beaverton,OR
97022,Beaverton,OR
97023,Beaverton,OR
97024,Beaverton,OR
97025,Beaverton,OR
15001,Aliquippa,PA
15002,Allison Park,PA
15003,Ambridge,PA
15004,Baden,PA
15005,Beaver,PA
15006,Bairdford,PA
15007,Bairdford,PA
15008,Bairdford,PA
15009,Bairdford,PA
15010,Bairdford,PA
15011,Bairdford,PA
15012,Bairdford,PA
15013,Bairdford,PA
15014,Bairdford,PA
15015,Bairdford,PA
15016,Bairdford,PA
15017,Bairdford,PA
15018,Bairdford,PA
15019,Bairdford,PA
15020,Bairdford,PA
15021,Bairdford,PA
15022,Bairdford,PA
15023,Bairdford,PA
15024,Bairdford,PA
15025,Bairdford,PA
2801,Barrington,RI
2802,Block Island,RI
2803,Bristol,RI
2804,Carolina,RI
2806,Central Falls,RI
2807,Charlestown,RI
2808,Chepachet,RI
2809,Clayville,RI
2810,Cranston,RI
2812,East Greenwich,RI
2813,Exeter,RI
2814,Foster,RI
2815,Greene,RI
2816,Greenville,RI
2817,Harmony,RI
2818,Hope,RI
2821,Hope Valley,RI
2822,Jamestown,RI
2823,Kenyon,RI
2824,Lincoln,RI
2825,Little Compton,RI
2826,Little Compton,RI
2827,Little Compton,RI
2828,Little Compton,RI
2829,Little Compton,RI
29001,Aiken,SC
29002,Aiken,SC
29003,Aiken,SC
29004,Aiken,SC
29005,Aiken,SC
29006,Aiken,SC
29007,Aiken,SC
29008,Aiken,SC
29009,Aiken,SC
29010,Aiken,SC
29011,Aiken,SC
29012,Aiken,SC
29013,Aiken,SC
29014,Aiken,SC
29015,Aiken,SC
29016,Aiken,SC
29017,Aiken,SC
29018,Aiken,SC
29019,Aiken,SC
29020,Aiken,SC
29021,Aiken,SC
29022,Aiken,SC
29023,Aiken,SC
29024,Aiken,SC
29025,Aiken,SC
57001,Aberdeen,SD
57002,Agar,SD
57003,Alcester,SD
57004,Alexandria,SD
57005,Alpena,SD
57006,Arlington,SD
57007,Armour,SD
57008,Artesian,SD
57009,Asbury,SD
57010,Avon,SD
57011,Baltic,SD
57012,Beresford,SD
57013,Big Stone City,SD
57014,Bonesteel,SD
57015,Bowdle,SD
57016,Brandon,SD
57017,Brentford,SD
57018,Bristol,SD
57019,Britton,SD
57020,Broadland,SD
57021,Brookings,SD
57022,Bryant,SD
57023,Canistota,SD
57024,Canton,SD
57025,Carthage,SD
37010,Alexandria,TN
37011,Antioch,TN
37012,Antioch,TN
37013,Antioch,TN
37014,Ardmore,TN
37015,Ashland City,TN
37016,Athens,TN
37017,Atwood,TN
37018,Baker,TN
37019,Bakewell,TN
37020,Baneberry,TN
37021,Beech Bluff,TN
37022,Beechgrove,TN
37023,Bethel Springs,TN
37024,Bethpage,TN
37025,Big Rock,TN
37026,Big Sandy,TN
37027,Blountville,TN
37028,Bone Cave,TN
37029,Boonshill,TN
37030,Bradford,TN
37031,Bradford,TN
37032,Bradford,TN
37033,Bradford,TN
37034,Bradford,TN
73301,Austin,TX
73344,Austin,TX
75001,Dallas,TX
75002,Allen,TX
75006,Carrollton,TX
75007,Carrollton,TX
75008,Carrollton,TX
75009,Celina,TX
75010,Carrollton,TX
75011,Carrollton,TX
75013,Dallas,TX
75014,Carrollton,TX
75015,Coppell,TX
75016,Irving,TX
75017,Irving,TX
75018,Irving,TX
75019,Coppell,TX
75020,Denison,TX
75021,Denton,TX
75022,Dallas,TX
75023,Plano,TX
75024,Plano,TX
75025,Plano,TX
75026,Plano,TX
75027,Plano,TX
84001,Alpine,UT
84002,Alta,UT
84003,American Fork,UT
84004,American Fork,UT
84005,American Fork,UT
84006,American Fork,UT
84007,American Fork,UT
84008,American Fork,UT
84009,American Fork,UT
84010,American Fork,UT
84011,American Fork,UT
84012,American Fork,UT
84013,American Fork,UT
84014,American Fork,UT
84015,Bountiful,UT
84016,Bountiful,UT
84017,Bountiful,UT
84018,Bountiful,UT
84019,Bountiful,UT
84020,Bountiful,UT
84021,Bountiful,UT
84022,Bountiful,UT
84023,Bountiful,UT
84024,Bountiful,UT
84025,Bountiful,UT
5001,Ascutney,VT
5002,Barnard,VT
5003,Bethel,VT
5004,Bradford,VT
5005,Bridgewater,VT
5006,Bridport,VT
5007,Bristol,VT
5008,Brookfield,VT
5009,Canaan,VT
5010,Cavendish,VT
5011,Cavendish,VT
5012,Cavendish,VT
5013,Cavendish,VT
5014,Cavendish,VT
5015,Cavendish,VT
5016,Cavendish,VT
5017,Cavendish,VT
5018,Cavendish,VT
5019,Cavendish,VT
5020,Cavendish,VT
5021,Cavendish,VT
5022,Cavendish,VT
5023,Cavendish,VT
5024,Cavendish,VT
5025,Cavendish,VT
20040,Washington,VA
20041,Washington,VA
20042,Washington,VA
20101,Washington,VA
20102,Washington,VA
20103,Washington,VA
20104,Washington,VA
20105,Washington,VA
20106,Washington,VA
20107,Washington,VA
20108,Washington,VA
20109,Washington,VA
20110,Manassas,VA
20111,Manassas,VA
20112,Manassas,VA
20113,Manassas,VA
20114,Manassas,VA
20115,Manassas,VA
20116,Manassas,VA
20117,Manassas,VA
20118,Manassas,VA
20119,Manassas,VA
20120,Washington,VA
20121,Washington,VA
20122,Washington,VA
98001,Auburn,WA
98002,Auburn,WA
98003,Auburn,WA
98004,Bellevue,WA
98005,Bellevue,WA
98006,Bellevue,WA
98007,Bellevue,WA
98008,Bellevue,WA
98009,Bellevue,WA
98010,Auburn,WA
98011,Bothell,WA
98012,Bothell,WA
98013,Auburn,WA
98014,Carnation,WA
98015,Bellevue,WA
98016,Auburn,WA
98017,Auburn,WA
98018,Auburn,WA
98019,Bothell,WA
98020,Edmonds,WA
98021,Bothell,WA
98022,Enumclaw,WA
98023,Federal Way,WA
98024,Fall City,WA
98025,Snoqualmie,WA
24701,Bluefield,WV
24712,Bluefield,WV
24713,Bluefield,WV
24714,Bluefield,WV
24715,Bluefield,WV
24716,Bluefield,WV
24717,Bluefield,WV
24718,Bluefield,WV
24719,Bluefield,WV
24720,Bluefield,WV
24721,Bluefield,WV
24722,Bluefield,WV
24723,Bluefield,WV
24724,Bluefield,WV
24725,Bluefield,WV
24726,Bluefield,WV
24727,Bluefield,WV
24728,Bluefield,WV
24729,Bluefield,WV
24730,Bluefield,WV
24731,Bluefield,WV
24732,Bluefield,WV
24733,Bluefield,WV
24734,Bluefield,WV
24735,Bluefield,WV
53001,Adell,WI
53002,Allenton,WI
53003,Allenton,WI
53004,Allenton,WI
53005,Allenton,WI
53006,Allenton,WI
53007,Allenton,WI
53008,Allenton,WI
53009,Allenton,WI
53010,Allenton,WI
53011,Allenton,WI
53012,Allenton,WI
53013,Allenton,WI
53014,Allenton,WI
53015,Allenton,WI
53016,Allenton,WI
53017,Allenton,WI
53018,Allenton,WI
53019,Allenton,WI
53020,Allenton,WI
53021,Allenton,WI
53022,Allenton,WI
53023,Allenton,WI
53024,Allenton,WI
53025,Allenton,WI
82001,Cheyenne,WY
82002,Cheyenne,WY
82003,Cheyenne,WY
82004,Cheyenne,WY
82005,Cheyenne,WY
82006,Cheyenne,WY
82007,Cheyenne,WY
82008,Cheyenne,WY
82009,Cheyenne,WY
82010,Cheyenne,WY
82011,Cheyenne,WY
82012,Cheyenne,WY
82013,Cheyenne,WY
82014,Cheyenne,WY
82015,Cheyenne,WY
82016,Cheyenne,WY
82017,Cheyenne,WY
82018,Cheyenne,WY
82019,Cheyenne,WY
82020,Cheyenne,WY
82021,Cheyenne,WY
82022,Cheyenne,WY
82023,Cheyenne,WY
82024,Cheyenne,WY
82025,Cheyenne,WY